precio,descripción
"['S/', '23.00']",Azúcar Rubia BELL'S Selección Bolsa 5Kg
"['S/', '16.70']",Azúcar Rubia BELL'S Bolsa 4Kg
"['S/', '12.59']",Bebida de Almendra NATURE'S HEART Sin Azúcar Caja 946ml
"['S/', '18.90']",Bebida de Almendra SILK sin Azúcar Caja 946ml
"['S/', '17.30']",Yogurt Griego TIGO Natural Sin Azúcar Pote 1Kg
"['S/', '18.90']",Bebida de Almendra SILK Vainilla sin Azúcar Caja 946ml
"['S/', '8.90']",Azucarero DECO HOME
"['S/', '12.90']",Azucarero DECO HOME Porcelana Blanco
"['S/', '7.90']",Azucarero VIVA HOME Porcelana Blanca Puntos
"['S/', '21.90']",Azúcar Rubia DULFINA Bolsa 5Kg
"['S/', '3.10']",Azúcar Rubia BELL'S Bolsa 650g
"['S/', '2.60']",Azúcar Impalpable FLEISCHMANN Bolsa 200g
"['S/', '5.60']",Azúcar Blanca DULFINA Bolsa 1Kg
"['S/', '10.20']",Azúcar Impalpable NEGUSA Bolsa 1Kg
"['S/', '12.99']",Azúcar Impalpable FLEISCHMANN Bolsa 1Kg
"['S/', '7.90']",Azucar Rubia BELL'S con Stevia Bolsa 500g
"['S/', '13.49']",Azúcar Impalpable FRATELLO Bolsa 1Kg
"['S/', '10.90']",Azucar Morena INCAUCA Light Caja 100un
"['S/', '11.30']",Azúcar Blanca INCAUCA Light Caja 100un
"['S/', '14.30']",Azúcar Light INCAUCA con Stevia Bolsa 850g
"['S/', '5.70']",Azúcar Rubia BELL'S Bolsa 1.3Kg
"['S/', '4.80']",Azúcar Rubia DULFINA Bolsa 1Kg
"['S/', '3.40']",Azúcar Blanca BELL'S Bolsa 650g
"['S/', '4.60']",Azúcar Rubia CARTAVIO Bolsa 1Kg
"['S/', '23']",Azúcar Rubia BELL'S Selección Bolsa 5Kg
"['S/', '16.70']",Azúcar Rubia BELL'S Bolsa 4Kg
"['S/', '12.59']",Bebida de Almendra NATURE'S HEART Sin Azúcar C...
"['S/', '18.90']",Bebida de Almendra SILK sin Azúcar Caja 946ml
"['S/', '17.30']",Yogurt Griego TIGO Natural Sin Azúcar Pote 1Kg
"['S/', '18.90']",Bebida de Almendra SILK Vainilla sin Azúcar Ca...
"['S/', '8.90']",Azucarero DECO HOME
"['S/', '12.90']",Azucarero DECO HOME Porcelana Blanco
"['S/', '7.90']",Azucarero VIVA HOME Porcelana Blanca Puntos
"['S/', '21.90']",Azúcar Rubia DULFINA Bolsa 5Kg
"['S/', '3.10']",Azúcar Rubia BELL'S Bolsa 650g
"['S/', '2.60']",Azúcar Impalpable FLEISCHMANN Bolsa 200g
"['S/', '5.60']",Azúcar Blanca DULFINA Bolsa 1Kg
"['S/', '10.20']",Azúcar Impalpable NEGUSA Bolsa 1Kg
"['S/', '12.99']",Azúcar Impalpable FLEISCHMANN Bolsa 1Kg
"['S/', '7.90']",Azucar Rubia BELL'S con Stevia Bolsa 500g
"['S/', '13.49']",Azúcar Impalpable FRATELLO Bolsa 1Kg
"['S/', '10.90']",Azucar Morena INCAUCA Light Caja 100un
"['S/', '11.30']",Azúcar Blanca INCAUCA Light Caja 100un
"['S/', '14.30']",Azúcar Light INCAUCA con Stevia Bolsa 850g
"['S/', '5.70']",Azúcar Rubia BELL'S Bolsa 1.3Kg
"['S/', '4.80']",Azúcar Rubia DULFINA Bolsa 1Kg
"['S/', '3.40']",Azúcar Blanca BELL'S Bolsa 650g
"['S/', '4.60']",Azúcar Rubia CARTAVIO Bolsa 1Kg
"['S/', '23']",Azúcar Rubia BELL'S Selección Bolsa 5Kg
"['S/', '16.70']",Azúcar Rubia BELL'S Bolsa 4Kg
"['S/', '12.59']",Bebida de Almendra NATURE'S HEART Sin Azúcar C...
"['S/', '18.90']",Bebida de Almendra SILK sin Azúcar Caja 946ml
"['S/', '17.30']",Yogurt Griego TIGO Natural Sin Azúcar Pote 1Kg
"['S/', '18.90']",Bebida de Almendra SILK Vainilla sin Azúcar Ca...
"['S/', '8.90']",Azucarero DECO HOME
"['S/', '12.90']",Azucarero DECO HOME Porcelana Blanco
"['S/', '7.90']",Azucarero VIVA HOME Porcelana Blanca Puntos
"['S/', '21.90']",Azúcar Rubia DULFINA Bolsa 5Kg
"['S/', '3.10']",Azúcar Rubia BELL'S Bolsa 650g
"['S/', '2.60']",Azúcar Impalpable FLEISCHMANN Bolsa 200g
"['S/', '5.60']",Azúcar Blanca DULFINA Bolsa 1Kg
"['S/', '10.20']",Azúcar Impalpable NEGUSA Bolsa 1Kg
"['S/', '12.99']",Azúcar Impalpable FLEISCHMANN Bolsa 1Kg
"['S/', '7.90']",Azucar Rubia BELL'S con Stevia Bolsa 500g
"['S/', '13.49']",Azúcar Impalpable FRATELLO Bolsa 1Kg
"['S/', '10.90']",Azucar Morena INCAUCA Light Caja 100un
"['S/', '11.30']",Azúcar Blanca INCAUCA Light Caja 100un
"['S/', '14.30']",Azúcar Light INCAUCA con Stevia Bolsa 850g
"['S/', '5.70']",Azúcar Rubia BELL'S Bolsa 1.3Kg
"['S/', '4.80']",Azúcar Rubia DULFINA Bolsa 1Kg
"['S/', '3.40']",Azúcar Blanca BELL'S Bolsa 650g
"['S/', '4.60']",Azúcar Rubia CARTAVIO Bolsa 1Kg
"['S/', '16.70']",Azúcar Rubia BELL'S Bolsa 4Kg
"['S/', '23.00']",Azúcar Rubia BELL'S Selección Bolsa 5Kg
"['S/', '12.59']",Bebida de Almendra NATURE'S HEART Sin Azúcar Caja 946ml
"['S/', '17.30']",Yogurt Griego TIGO Natural Sin Azúcar Pote 1Kg
"['S/', '7.90']",Azucarero VIVA HOME Porcelana Blanca Puntos
"['S/', '18.90']",Bebida de Almendra SILK Vainilla sin Azúcar Caja 946ml
"['S/', '18.90']",Bebida de Almendra SILK sin Azúcar Caja 946ml
"['S/', '8.90']",Azucarero DECO HOME
"['S/', '12.90']",Azucarero DECO HOME Porcelana Blanco
"['S/', '5.70']",Azúcar Rubia BELL'S Bolsa 1.3Kg
"['S/', '21.90']",Azúcar Rubia DULFINA Bolsa 5Kg
"['S/', '5.90']",Azúcar Blanca BELL'S Bolsa 1.3Kg
"['S/', '17.90']",Azúcar Blanca BELL'S Bolsa 4Kg
"['S/', '7.59']",Gaseosa INCA KOLA Sin Azúcar Botella 300ml Paquete 6un
"['S/', '7.59']",Gaseosa COCA COLA Sin Azúcar Botella 300ml Paquete 6un
"['S/', '8.50']",Jabón de Tocador PALMOLIVE Avena y Azúcar Barra 120g Paquete 3un
"['S/', '11.80']",Gaseosa COCA COLA Sin Azúcar 2Pack Botella 1.5L
"['S/', '3.10']",Azúcar Rubia BELL'S Bolsa 650g
"['S/', '5.30']",Azúcar Rubia BELL'S Selección Bolsa 1K
"['S/', '5.90']",Azúcar Rubia COSTEÑO Bolsa 1Kg
"['S/', '11.80']",Gaseosa INCA KOLA Sin Azúcar Botella 1.5L Paquete 2Un
"['S/', '13.00']",Gaseosa COCA COLA Sin Azúcar 6 Pack Botella 500ml
"['S/', '4.80']",Azúcar Rubia DULFINA Bolsa 1Kg
"['S/', '8.00']",Gaseosa COCA COLA sin Azúcar Botella 2.5L
"['S/', '16.70']",Azúcar Rubia BELL'S Bolsa 4Kg
"['S/', '23.00']",Azúcar Rubia BELL'S Selección Bolsa 5Kg
"['S/', '12.59']",Bebida de Almendra NATURE'S HEART Sin Azúcar Caja 946ml
"['S/', '17.30']",Yogurt Griego TIGO Natural Sin Azúcar Pote 1Kg
"['S/', '7.90']",Azucarero VIVA HOME Porcelana Blanca Puntos
"['S/', '18.90']",Bebida de Almendra SILK Vainilla sin Azúcar Caja 946ml
"['S/', '18.90']",Bebida de Almendra SILK sin Azúcar Caja 946ml
"['S/', '8.90']",Azucarero DECO HOME
"['S/', '12.90']",Azucarero DECO HOME Porcelana Blanco
"['S/', '5.70']",Azúcar Rubia BELL'S Bolsa 1.3Kg
"['S/', '21.90']",Azúcar Rubia DULFINA Bolsa 5Kg
"['S/', '5.90']",Azúcar Blanca BELL'S Bolsa 1.3Kg
"['S/', '17.90']",Azúcar Blanca BELL'S Bolsa 4Kg
"['S/', '7.59']",Gaseosa INCA KOLA Sin Azúcar Botella 300ml Paquete 6un
"['S/', '7.59']",Gaseosa COCA COLA Sin Azúcar Botella 300ml Paquete 6un
"['S/', '8.50']",Jabón de Tocador PALMOLIVE Avena y Azúcar Barra 120g Paquete 3un
"['S/', '11.80']",Gaseosa COCA COLA Sin Azúcar 2Pack Botella 1.5L
"['S/', '3.10']",Azúcar Rubia BELL'S Bolsa 650g
"['S/', '5.30']",Azúcar Rubia BELL'S Selección Bolsa 1K
"['S/', '5.90']",Azúcar Rubia COSTEÑO Bolsa 1Kg
"['S/', '11.80']",Gaseosa INCA KOLA Sin Azúcar Botella 1.5L Paquete 2Un
"['S/', '13.00']",Gaseosa COCA COLA Sin Azúcar 6 Pack Botella 500ml
"['S/', '4.80']",Azúcar Rubia DULFINA Bolsa 1Kg
"['S/', '8.00']",Gaseosa COCA COLA sin Azúcar Botella 2.5L
"['S/', '23']",Azúcar Rubia BELL'S Selección Bolsa 5Kg
"['S/', '16.70']",Azúcar Rubia BELL'S Bolsa 4Kg
"['S/', '12.59']",Bebida de Almendra NATURE'S HEART Sin Azúcar C...
"['S/', '18.90']",Bebida de Almendra SILK sin Azúcar Caja 946ml
"['S/', '17.30']",Yogurt Griego TIGO Natural Sin Azúcar Pote 1Kg
"['S/', '18.90']",Bebida de Almendra SILK Vainilla sin Azúcar Ca...
"['S/', '8.90']",Azucarero DECO HOME
"['S/', '12.90']",Azucarero DECO HOME Porcelana Blanco
"['S/', '7.90']",Azucarero VIVA HOME Porcelana Blanca Puntos
"['S/', '21.90']",Azúcar Rubia DULFINA Bolsa 5Kg
"['S/', '3.10']",Azúcar Rubia BELL'S Bolsa 650g
"['S/', '2.60']",Azúcar Impalpable FLEISCHMANN Bolsa 200g
"['S/', '5.60']",Azúcar Blanca DULFINA Bolsa 1Kg
"['S/', '10.20']",Azúcar Impalpable NEGUSA Bolsa 1Kg
"['S/', '12.99']",Azúcar Impalpable FLEISCHMANN Bolsa 1Kg
"['S/', '7.90']",Azucar Rubia BELL'S con Stevia Bolsa 500g
"['S/', '13.49']",Azúcar Impalpable FRATELLO Bolsa 1Kg
"['S/', '10.90']",Azucar Morena INCAUCA Light Caja 100un
"['S/', '11.30']",Azúcar Blanca INCAUCA Light Caja 100un
"['S/', '14.30']",Azúcar Light INCAUCA con Stevia Bolsa 850g
"['S/', '5.70']",Azúcar Rubia BELL'S Bolsa 1.3Kg
"['S/', '4.80']",Azúcar Rubia DULFINA Bolsa 1Kg
"['S/', '3.40']",Azúcar Blanca BELL'S Bolsa 650g
"['S/', '4.60']",Azúcar Rubia CARTAVIO Bolsa 1Kg
"['S/', '16.70']",Azúcar Rubia BELL'S Bolsa 4Kg
"['S/', '23']",Azúcar Rubia BELL'S Selección Bolsa 5Kg
"['S/', '12.59']",Bebida de Almendra NATURE'S HEART Sin Azúcar C...
"['S/', '17.30']",Yogurt Griego TIGO Natural Sin Azúcar Pote 1Kg
"['S/', '7.90']",Azucarero VIVA HOME Porcelana Blanca Puntos
"['S/', '18.90']",Bebida de Almendra SILK Vainilla sin Azúcar Ca...
"['S/', '18.90']",Bebida de Almendra SILK sin Azúcar Caja 946ml
"['S/', '8.90']",Azucarero DECO HOME
"['S/', '12.90']",Azucarero DECO HOME Porcelana Blanco
"['S/', '5.70']",Azúcar Rubia BELL'S Bolsa 1.3Kg
"['S/', '21.90']",Azúcar Rubia DULFINA Bolsa 5Kg
"['S/', '5.90']",Azúcar Blanca BELL'S Bolsa 1.3Kg
"['S/', '17.90']",Azúcar Blanca BELL'S Bolsa 4Kg
"['S/', '7.59']",Gaseosa INCA KOLA Sin Azúcar Botella 300ml Paq...
"['S/', '7.59']",Gaseosa COCA COLA Sin Azúcar Botella 300ml Paq...
"['S/', '8.50']",Jabón de Tocador PALMOLIVE Avena y Azúcar Barr...
"['S/', '11.80']",Gaseosa COCA COLA Sin Azúcar 2Pack Botella 1.5...
"['S/', '3.10']",Azúcar Rubia BELL'S Bolsa 650g
"['S/', '5.30']",Azúcar Rubia BELL'S Selección Bolsa 1K
"['S/', '5.90']",Azúcar Rubia COSTEÑO Bolsa 1Kg
"['S/', '11.80']",Gaseosa INCA KOLA Sin Azúcar Botella 1.5L Paqu...
"['S/', '13']",Gaseosa COCA COLA Sin Azúcar 6 Pack Botella 50...
"['S/', '4.80']",Azúcar Rubia DULFINA Bolsa 1Kg
"['S/', '8']",Gaseosa COCA COLA sin Azúcar Botella 2.5L
"['S/', '16.70']",Azúcar Rubia BELL'S Bolsa 4Kg
"['S/', '23']",Azúcar Rubia BELL'S Selección Bolsa 5Kg
"['S/', '12.59']",Bebida de Almendra NATURE'S HEART Sin Azúcar C...
"['S/', '17.30']",Yogurt Griego TIGO Natural Sin Azúcar Pote 1Kg
"['S/', '7.90']",Azucarero VIVA HOME Porcelana Blanca Puntos
"['S/', '18.90']",Bebida de Almendra SILK Vainilla sin Azúcar Ca...
"['S/', '18.90']",Bebida de Almendra SILK sin Azúcar Caja 946ml
"['S/', '8.90']",Azucarero DECO HOME
"['S/', '12.90']",Azucarero DECO HOME Porcelana Blanco
"['S/', '5.70']",Azúcar Rubia BELL'S Bolsa 1.3Kg
"['S/', '21.90']",Azúcar Rubia DULFINA Bolsa 5Kg
"['S/', '5.90']",Azúcar Blanca BELL'S Bolsa 1.3Kg
"['S/', '17.90']",Azúcar Blanca BELL'S Bolsa 4Kg
"['S/', '7.59']",Gaseosa INCA KOLA Sin Azúcar Botella 300ml Paq...
"['S/', '7.59']",Gaseosa COCA COLA Sin Azúcar Botella 300ml Paq...
"['S/', '8.50']",Jabón de Tocador PALMOLIVE Avena y Azúcar Barr...
"['S/', '11.80']",Gaseosa COCA COLA Sin Azúcar 2Pack Botella 1.5...
"['S/', '3.10']",Azúcar Rubia BELL'S Bolsa 650g
"['S/', '5.30']",Azúcar Rubia BELL'S Selección Bolsa 1K
"['S/', '5.90']",Azúcar Rubia COSTEÑO Bolsa 1Kg
"['S/', '11.80']",Gaseosa INCA KOLA Sin Azúcar Botella 1.5L Paqu...
"['S/', '13']",Gaseosa COCA COLA Sin Azúcar 6 Pack Botella 50...
"['S/', '4.80']",Azúcar Rubia DULFINA Bolsa 1Kg
"['S/', '8']",Gaseosa COCA COLA sin Azúcar Botella 2.5L
"['S/', '16.70']",Azúcar Rubia BELL'S Bolsa 4Kg
"['S/', '23']",Azúcar Rubia BELL'S Selección Bolsa 5Kg
"['S/', '12.59']",Bebida de Almendra NATURE'S HEART Sin Azúcar C...
"['S/', '17.30']",Yogurt Griego TIGO Natural Sin Azúcar Pote 1Kg
"['S/', '7.90']",Azucarero VIVA HOME Porcelana Blanca Puntos
"['S/', '18.90']",Bebida de Almendra SILK Vainilla sin Azúcar Ca...
"['S/', '18.90']",Bebida de Almendra SILK sin Azúcar Caja 946ml
"['S/', '8.90']",Azucarero DECO HOME
"['S/', '12.90']",Azucarero DECO HOME Porcelana Blanco
"['S/', '5.70']",Azúcar Rubia BELL'S Bolsa 1.3Kg
"['S/', '21.90']",Azúcar Rubia DULFINA Bolsa 5Kg
"['S/', '5.90']",Azúcar Blanca BELL'S Bolsa 1.3Kg
"['S/', '17.90']",Azúcar Blanca BELL'S Bolsa 4Kg
"['S/', '7.59']",Gaseosa INCA KOLA Sin Azúcar Botella 300ml Paq...
"['S/', '7.59']",Gaseosa COCA COLA Sin Azúcar Botella 300ml Paq...
"['S/', '8.50']",Jabón de Tocador PALMOLIVE Avena y Azúcar Barr...
"['S/', '11.80']",Gaseosa COCA COLA Sin Azúcar 2Pack Botella 1.5...
"['S/', '3.10']",Azúcar Rubia BELL'S Bolsa 650g
"['S/', '5.30']",Azúcar Rubia BELL'S Selección Bolsa 1K
"['S/', '5.90']",Azúcar Rubia COSTEÑO Bolsa 1Kg
"['S/', '11.80']",Gaseosa INCA KOLA Sin Azúcar Botella 1.5L Paqu...
"['S/', '13']",Gaseosa COCA COLA Sin Azúcar 6 Pack Botella 50...
"['S/', '4.80']",Azúcar Rubia DULFINA Bolsa 1Kg
"['S/', '8']",Gaseosa COCA COLA sin Azúcar Botella 2.5L
"['S/', '16.70']",Azúcar Rubia BELL'S Bolsa 4Kg
"['S/', '23']",Azúcar Rubia BELL'S Selección Bolsa 5Kg
"['S/', '12.59']",Bebida de Almendra NATURE'S HEART Sin Azúcar C...
"['S/', '17.30']",Yogurt Griego TIGO Natural Sin Azúcar Pote 1Kg
"['S/', '7.90']",Azucarero VIVA HOME Porcelana Blanca Puntos
"['S/', '18.90']",Bebida de Almendra SILK Vainilla sin Azúcar Ca...
"['S/', '18.90']",Bebida de Almendra SILK sin Azúcar Caja 946ml
"['S/', '8.90']",Azucarero DECO HOME
"['S/', '12.90']",Azucarero DECO HOME Porcelana Blanco
"['S/', '5.70']",Azúcar Rubia BELL'S Bolsa 1.3Kg
"['S/', '21.90']",Azúcar Rubia DULFINA Bolsa 5Kg
"['S/', '5.90']",Azúcar Blanca BELL'S Bolsa 1.3Kg
"['S/', '17.90']",Azúcar Blanca BELL'S Bolsa 4Kg
"['S/', '7.59']",Gaseosa INCA KOLA Sin Azúcar Botella 300ml Paq...
"['S/', '7.59']",Gaseosa COCA COLA Sin Azúcar Botella 300ml Paq...
"['S/', '8.50']",Jabón de Tocador PALMOLIVE Avena y Azúcar Barr...
"['S/', '11.80']",Gaseosa COCA COLA Sin Azúcar 2Pack Botella 1.5...
"['S/', '3.10']",Azúcar Rubia BELL'S Bolsa 650g
"['S/', '5.30']",Azúcar Rubia BELL'S Selección Bolsa 1K
"['S/', '5.90']",Azúcar Rubia COSTEÑO Bolsa 1Kg
"['S/', '11.80']",Gaseosa INCA KOLA Sin Azúcar Botella 1.5L Paqu...
"['S/', '13']",Gaseosa COCA COLA Sin Azúcar 6 Pack Botella 50...
"['S/', '4.80']",Azúcar Rubia DULFINA Bolsa 1Kg
"['S/', '8']",Gaseosa COCA COLA sin Azúcar Botella 2.5L
"['S/', '16.70']",Azúcar Rubia BELL'S Bolsa 4Kg
"['S/', '23']",Azúcar Rubia BELL'S Selección Bolsa 5Kg
"['S/', '12.59']",Bebida de Almendra NATURE'S HEART Sin Azúcar C...
"['S/', '17.30']",Yogurt Griego TIGO Natural Sin Azúcar Pote 1Kg
"['S/', '7.90']",Azucarero VIVA HOME Porcelana Blanca Puntos
"['S/', '18.90']",Bebida de Almendra SILK Vainilla sin Azúcar Ca...
"['S/', '18.90']",Bebida de Almendra SILK sin Azúcar Caja 946ml
"['S/', '8.90']",Azucarero DECO HOME
"['S/', '12.90']",Azucarero DECO HOME Porcelana Blanco
"['S/', '5.70']",Azúcar Rubia BELL'S Bolsa 1.3Kg
"['S/', '21.90']",Azúcar Rubia DULFINA Bolsa 5Kg
"['S/', '5.90']",Azúcar Blanca BELL'S Bolsa 1.3Kg
"['S/', '17.90']",Azúcar Blanca BELL'S Bolsa 4Kg
"['S/', '7.59']",Gaseosa INCA KOLA Sin Azúcar Botella 300ml Paq...
"['S/', '7.59']",Gaseosa COCA COLA Sin Azúcar Botella 300ml Paq...
"['S/', '8.50']",Jabón de Tocador PALMOLIVE Avena y Azúcar Barr...
"['S/', '11.80']",Gaseosa COCA COLA Sin Azúcar 2Pack Botella 1.5...
"['S/', '3.10']",Azúcar Rubia BELL'S Bolsa 650g
"['S/', '5.30']",Azúcar Rubia BELL'S Selección Bolsa 1K
"['S/', '5.90']",Azúcar Rubia COSTEÑO Bolsa 1Kg
"['S/', '11.80']",Gaseosa INCA KOLA Sin Azúcar Botella 1.5L Paqu...
"['S/', '13']",Gaseosa COCA COLA Sin Azúcar 6 Pack Botella 50...
"['S/', '4.80']",Azúcar Rubia DULFINA Bolsa 1Kg
"['S/', '8']",Gaseosa COCA COLA sin Azúcar Botella 2.5L
"['S/', '23']",Azúcar Rubia BELL'S Selección Bolsa 5Kg
"['S/', '16.70']",Azúcar Rubia BELL'S Bolsa 4Kg
"['S/', '12.59']",Bebida de Almendra NATURE'S HEART Sin Azúcar C...
"['S/', '18.90']",Bebida de Almendra SILK sin Azúcar Caja 946ml
"['S/', '17.30']",Yogurt Griego TIGO Natural Sin Azúcar Pote 1Kg
"['S/', '18.90']",Bebida de Almendra SILK Vainilla sin Azúcar Ca...
"['S/', '8.90']",Azucarero DECO HOME
"['S/', '12.90']",Azucarero DECO HOME Porcelana Blanco
"['S/', '7.90']",Azucarero VIVA HOME Porcelana Blanca Puntos
"['S/', '21.90']",Azúcar Rubia DULFINA Bolsa 5Kg
"['S/', '3.10']",Azúcar Rubia BELL'S Bolsa 650g
"['S/', '2.60']",Azúcar Impalpable FLEISCHMANN Bolsa 200g
"['S/', '5.60']",Azúcar Blanca DULFINA Bolsa 1Kg
"['S/', '10.20']",Azúcar Impalpable NEGUSA Bolsa 1Kg
"['S/', '12.99']",Azúcar Impalpable FLEISCHMANN Bolsa 1Kg
"['S/', '7.90']",Azucar Rubia BELL'S con Stevia Bolsa 500g
"['S/', '13.49']",Azúcar Impalpable FRATELLO Bolsa 1Kg
"['S/', '10.90']",Azucar Morena INCAUCA Light Caja 100un
"['S/', '11.30']",Azúcar Blanca INCAUCA Light Caja 100un
"['S/', '14.30']",Azúcar Light INCAUCA con Stevia Bolsa 850g
"['S/', '5.70']",Azúcar Rubia BELL'S Bolsa 1.3Kg
"['S/', '4.80']",Azúcar Rubia DULFINA Bolsa 1Kg
"['S/', '3.40']",Azúcar Blanca BELL'S Bolsa 650g
"['S/', '4.60']",Azúcar Rubia CARTAVIO Bolsa 1Kg
"['S/', '16.70']",Azúcar Rubia BELL'S Bolsa 4Kg
"['S/', '23']",Azúcar Rubia BELL'S Selección Bolsa 5Kg
"['S/', '12.59']",Bebida de Almendra NATURE'S HEART Sin Azúcar C...
"['S/', '17.30']",Yogurt Griego TIGO Natural Sin Azúcar Pote 1Kg
"['S/', '7.90']",Azucarero VIVA HOME Porcelana Blanca Puntos
"['S/', '18.90']",Bebida de Almendra SILK Vainilla sin Azúcar Ca...
"['S/', '18.90']",Bebida de Almendra SILK sin Azúcar Caja 946ml
"['S/', '8.90']",Azucarero DECO HOME
"['S/', '12.90']",Azucarero DECO HOME Porcelana Blanco
"['S/', '5.70']",Azúcar Rubia BELL'S Bolsa 1.3Kg
"['S/', '21.90']",Azúcar Rubia DULFINA Bolsa 5Kg
"['S/', '5.90']",Azúcar Blanca BELL'S Bolsa 1.3Kg
"['S/', '17.90']",Azúcar Blanca BELL'S Bolsa 4Kg
"['S/', '7.59']",Gaseosa INCA KOLA Sin Azúcar Botella 300ml Paq...
"['S/', '7.59']",Gaseosa COCA COLA Sin Azúcar Botella 300ml Paq...
"['S/', '8.50']",Jabón de Tocador PALMOLIVE Avena y Azúcar Barr...
"['S/', '11.80']",Gaseosa COCA COLA Sin Azúcar 2Pack Botella 1.5...
"['S/', '3.10']",Azúcar Rubia BELL'S Bolsa 650g
"['S/', '5.30']",Azúcar Rubia BELL'S Selección Bolsa 1K
"['S/', '5.90']",Azúcar Rubia COSTEÑO Bolsa 1Kg
"['S/', '11.80']",Gaseosa INCA KOLA Sin Azúcar Botella 1.5L Paqu...
"['S/', '13']",Gaseosa COCA COLA Sin Azúcar 6 Pack Botella 50...
"['S/', '4.80']",Azúcar Rubia DULFINA Bolsa 1Kg
"['S/', '8']",Gaseosa COCA COLA sin Azúcar Botella 2.5L
